ID,Imię,Nazwisko,Login,Hasło,Nr Telefonu,Stan Konta
1,Pawel,Nieistniejocy,iczo,1234,+48 324 435 345,999666999
2,Piotr,Kruczek,Piotr,1234,+48 324 435 345,999666999
3,Shannon,Gross,williamsheather,)#WDPgmh#9,766.722.1711x7121,29831
4,Anthony,Powell,jacqueline10,H^$u8Kb9rq,(423)794-1197x771,19441
5,Mary,Wilson,patrick65,vm_81EkfU3,844.317.0737,8951
6,Mikayla,Rodriguez,montgomerydennis,)isKBvx0v8,604.921.5157x8099,97127
7,Austin,Perez,tylerhernandez,!dF&9Xli@E,(741)295-3387,39247
8,Sean,Thomas,mjimenez,#5J8M%baK(,619-979-7228x628,10608
9,April,Galloway,richardmartin,bBBFjX^v@6,858.340.4587,62296
10,Eileen,Rodgers,sarah38,j7$tZnOT_g,937.279.6425,78618
11,Leroy,Banks,jacksonjill,1DXPhR+s&t,755-893-1648,42648
12,Jessica,Liu,perkinsmatthew,*KC0^FCl%T,422-500-7562x127,68845
13,Michael,Gonzalez,xboyd,*!0CekW7MD,6879297399,66998
14,Joshua,Vance,casey25,g41KRSQm#h,348-789-9833x105,90990
15,Steven,Green,juanperez,&0qFnQvRWa,9059702298,99711
16,David,Elliott,xhammond,wuWNwDt##0,609-972-0043x55431,48606
17,Thomas,Costa,kristenbennett,%&hfIz!n1c,3672825124,18879
18,Patrick,Tran,adam59,*23KS0w&J4,+1-361-376-9460x653,69060
19,Daniel,Bright,mauricemartin,!pyJ8EiYI7,548-405-1525x87031,8917
20,Douglas,Williams,martinezjessica,(cjXeRrm5i,876-960-1988x642,70221
21,Christine,Jones,ashley41,G9ANfIgv%8,001-545-605-7895x00811,1698
22,Joan,Fields,mcmillanmary,78Q#9#Nx)w,(699)882-6871,60275
23,Gary,Sherman,terrijones,8apdOtlH(z,(869)420-9305x178,44041
24,Daniel,Roberts,jonesmiranda,_&Z)xjUiM6,213.642.4340,92823
25,Nicole,Perez,catherine62,r%6s4Rjk&1,(926)330-1684x63490,40101
26,Donald,Martin,bray,(^e7I^Zrb7,001-943-329-1116x009,62391
27,Lori,Ochoa,carolcarter,G+@b4Zg68K,(438)297-3011,79638
28,Richard,Bennett,cantrelljennifer,X7nyJtYx@I,3749001512,2058
29,Stephen,Crawford,michele21,#YO^Zmt1p4,672.941.8863,64120
30,Lisa,Smith,emorris,%T0(ktIoK0,477.685.7482x6466,64342
31,Rachel,Taylor,chadadams,H7zF3HAa^9,901-517-9273x465,26050
32,Zachary,Ramirez,millerkristen,kN3RAkdZ%9,(280)638-2651x05970,11222
33,Lisa,Garner,sherributler,K^28UUZi@J,710.993.1134,77734
34,Scott,Kelly,millerkevin,e3JP+e_)+$,713.524.3523,2602
35,Jonathan,Wheeler,elainerusso,8RiQ8CSc(5,260-870-9655x759,18016
36,Lori,Payne,charlesmiller,@b86C7vC_7,652.563.0924,70047
37,Sabrina,Cruz,kurt05,#c6dWmNT)(,815-736-9394x2213,33744
38,Michelle,Rodriguez,morganpatricia,%Al^EgOFD0,292-680-1949x014,87745
39,Robert,Tran,barbarajennings,)BAE%N&rB9,001-225-414-2529,25393
40,Marcus,Zuniga,payneruben,JKnX7UQeR_,+1-526-557-5683x9789,89912
41,Kimberly,Jones,oliviabradford,W$eh6SHd37,001-363-565-9173x9276,19738
42,Lucas,Shannon,brewerdavid,$O^4Fca21!,(286)857-3899x825,40167
43,Jonathan,Chase,dhall,&7URPaDH_O,752-596-6341x503,40344
44,Lisa,Davis,jessica81,1776SGdS%a,001-682-342-3686x0034,89663
45,Erik,Avery,danielcooper,q6ZAY_yW_x,520-688-9435,14972
46,Dale,Higgins,ryancarter,!+2p*yMq&3,(935)823-7793,29219
47,Elizabeth,Mitchell,bandrade,b8tIifEq#c,3994181195,26472
48,Connor,Owens,barbara43,(J69lQhq4B,553.246.8376,62277
49,Glenn,Williams,agray,4P7DrIMbN@,(775)212-9434x65164,51128
50,Charles,George,stacy37,1gvKN*Q9*i,+1-706-643-9443,25913
51,Alejandro,Johnston,jeffreyhoward,L8hk#a(r_3,530.571.9699x39389,51770
52,Angela,Rose,carolyn88,7HI^StEv$3,+1-293-772-2089x699,10597
53,David,Moore,jeffreyjones,RT^8XYp#&h,001-619-408-6427x529,46818
54,Stephanie,Villarreal,nhoffman,@%3Tzq&Hsn,001-749-290-7571x74485,68043
55,Paul,Flores,travisnash,w)7R3D(F+t,5979757399,13525
56,Lauren,Nelson,xhill,#ZX4X&nvk4,639.926.7196x30056,39823
57,Tristan,Cobb,sleonard,_HGd6vy#k2,(775)763-4201x919,74237
58,Gerald,Scott,mchristensen,HA2UcRJZF#,001-417-241-2562x772,70813
59,Michael,Wolf,traceywilliams,0jBrn8$d+5,420-775-7741,64128
60,Timothy,Boone,charles42,*FR7AHhj%L,001-913-703-6710,54423
61,Danielle,Frazier,kathleen96,J*5T^JeeK_,(980)493-2342x78299,92331
62,Lauren,Wallace,mariah03,$gpRENtH3B,+1-733-504-0367,62971
63,Susan,Esparza,careymichael,1$p)OyXl+m,001-698-278-7623,41776
64,Alexandra,Nelson,penny41,2HL0X%LnP+,713-939-9921x0859,78673
65,Kyle,Romero,brandonyoung,KZ6q1Ggj_R,340-233-3036x0340,56212
66,Louis,Arellano,stephaniegentry,Fl(2O@gO4!,(777)550-4040x4074,92491
67,Anthony,Lee,dennisrodriguez,!M*8%Hin&u,001-348-221-9289x978,33601
68,Michael,Burton,sbailey,PgHSC%5d#5,(489)428-0623x35483,33092
69,Teresa,Mcclure,heatherking,!1Ty2J_Z%n,382-397-3127,25765
70,Brian,Parker,george30,t73sIGaLM^,(843)715-0573x3706,44602
71,Jennifer,Watson,stevenharrington,#_lVb*J_!3,7553472705,42482
72,Gwendolyn,Clark,fgoodwin,#b^t5LHd26,001-631-377-8139x0985,47668
73,Tiffany,Henry,dcampbell,0z6aMbyk^0,306.489.7761x9328,43465
74,Alicia,Bray,mcdonaldchristopher,)!U@ZcRK5w,277.746.8951,65614
75,Shawn,Simpson,tmatthews,*lN_WD+s2+,+1-322-881-0860x35343,86706
76,Caleb,Anderson,patricianguyen,4H3usFep3&,(987)373-0770,52165
77,Raymond,Murphy,bwilson,(64hCtng!O,001-299-484-3486x87068,69269
78,Nathan,Byrd,jonesbrady,zB0fZdUg&N,(334)993-6781x632,43089
79,Paul,Koch,zsmith,^Ogp3BryFR,001-527-486-0322x6546,54442
80,Jose,Vasquez,mark56,k8DiyPz((B,001-419-396-3712x57355,70798
81,Mario,Sloan,timothyrobinson,#%OMYeTb+1,+1-975-673-5891x3874,63668
82,Jessica,Graham,mark11,+7rUYapww1,253.225.5011,38114
83,James,Santana,kayla02,_2OK1IR%Ld,723-758-0732,82150
84,Derek,White,edwardsivan,*3ZmFd&ct7,779.370.9834x3333,69269
85,David,Murphy,sarah93,L)8WsdF3KO,+1-972-209-0824x05642,26302
86,Kathryn,Reynolds,whitevictoria,Q&Y7(4Ym#U,001-842-280-4814,53276
87,Mike,Alvarez,beasleymegan,a&9nJB3k!W,731.692.7249x1854,10523
88,Catherine,Carter,steven31,J^j0o@pXVF,+1-343-614-4796,70156
89,Rebecca,Khan,ifisher,^o+2I9i!x(,001-747-325-8264x447,54259
90,William,Walton,obriendarlene,DevT0Khm$%,(999)249-5534x116,40836
91,Sara,Dixon,virginiajohnson,&U4EhEXx%6,(552)953-5142x92492,87139
92,Kevin,Dickson,yford,#kYey34t(9,001-988-254-1481x359,86805
93,Tim,White,michael94,ry&e9D1a!y,(373)969-6981,17912
94,Victoria,Morales,lawrencesean,^^DO%Eu$B1,+1-200-837-1953,85819
95,Paula,Martinez,hermanterrance,QiDxB4gb+9,783.752.5606,26731
96,Adam,Oconnor,caitlin63,g8%xvViQ)I,801.402.4199x52205,65347
97,Jack,Collins,jessicamoore,5hPh6Dz+J%,429.986.9742x81271,63190
98,Mark,Brown,james61,J5QMY+Cf_a,+1-326-252-7958x9303,53675
99,Pamela,King,jirwin,R788LRbWZ@,223-428-5611x2814,64245
100,Mark,Young,danielle94,)B5)eOEdhf,001-686-324-5694,87203
101,Donna,Burns,ralphrivera,b^8G!Wxj+R,2223448596,98580
102,Victoria,Parker,julielivingston,*3JMIxh3Mm,(557)363-4813x264,43648
